<?xml version="1.0" encoding="UTF-8"?>
<beans xmlns="http://www.springframework.org/schema/beans"
	xmlns:xsi="http://www.w3.org/2001/XMLSchema-instance"
	xsi:schemaLocation="http://www.springframework.org/schema/beans http://www.springframework.org/schema/beans/spring-beans.xsd">
<bean id="sbu" class="com.capgemini.bean.SBU1_2">
<property name="sbuId" value="1"/>
<property name="sbuName" value="Kiran RAo"/>
<property name="sbuHead" value="Product Engineering Services"/>

</bean>

<bean id="employee1_2" class="com.capgemini.bean.Employee1_2">
<property name="bussinessUnit" ref="sbu"/>
<constructor-arg type="int" value="12345"/>
<constructor-arg type="String" value="Herriet"/>
<constructor-arg type="double" value="40000"/>
<constructor-arg type="int" value="30"/>

</bean>


</beans>
