<?xml version="1.0" encoding="UTF-8"?>
<beans xmlns="http://www.springframework.org/schema/beans"
	xmlns:xsi="http://www.w3.org/2001/XMLSchema-instance"
	xsi:schemaLocation="http://www.springframework.org/schema/beans http://www.springframework.org/schema/beans/spring-beans.xsd">
<bean id="sBU1_3" class="com.capgemini.bean.SBU1_3">
<property name="sbuId" value="1"/>
<property name="sbuName" value="Kiran RAo"/>
<property name="sbuHead" value="Product Engineering Services"/>
<property name="emp" >
<list> 
<ref bean="employee1_3_1"></ref>
<ref bean="employee1_3_2"/>
</list>
</property>
</bean>


<bean id="employee1_3_1" class="com.capgemini.bean.Employee1_3">
<property name="employeeId" value="12345"/>
<property name="employeeName" value="Herriet"/>
<property name="salary" value="40000"/>
<property name="age" value="30"/>
</bean>

<bean id="employee1_3_2" class="com.capgemini.bean.Employee1_3">
<property name="employeeId" value="12"/>
<property name="employeeName" value="John"/>
<property name="salary" value="20000"/>
<property name="age" value="20"/>
</bean>



</beans>
