<?xml version="1.0" encoding="UTF-8"?>
<beans xmlns="http://www.springframework.org/schema/beans"
	xmlns:xsi="http://www.w3.org/2001/XMLSchema-instance"
	xsi:schemaLocation="http://www.springframework.org/schema/beans http://www.springframework.org/schema/beans/spring-beans.xsd">
<bean id="employee1_4" class="com.capgemini.bean.Employee1_4">
<property name="employeeList">
<list>
<ref bean="employee1_4_1"/>
<ref bean="employee1_4_2"/>
</list>


</property>


</bean>
<bean id="employee1_4_1" class="com.capgemini.bean.Employee1_4">
<constructor-arg type="int" value="12345"/>
<constructor-arg type="String" value="Herriet"/>
<constructor-arg type="double" value="40000"/>
<constructor-arg type="int" value="30"/>

</bean>
<bean id="employee1_4_2" class="com.capgemini.bean.Employee1_4">
<constructor-arg type="int" value="123"/>
<constructor-arg type="String" value="John"/>
<constructor-arg type="double" value="20000"/>
<constructor-arg type="int" value="20"/>
</bean>
</beans>
